{
  "vsm": {
    "precision": [
      0.6488888888888888,
      0.5466666666666666,
      0.48592592592592593,
      0.43444444444444447,
      0.3857777777777778,
      0.3585185185185185,
      0.33396825396825397,
      0.31666666666666665,
      0.29975308641975307,
      0.28355555555555556
    ],
    "recall": [
      0.1091918180709932,
      0.1808846901723276,
      0.228655709398868,
      0.2645503767399963,
      0.28835898997546267,
      0.32412273857254464,
      0.34810774254260607,
      0.3713727081774375,
      0.39317398895911043,
      0.4099945143927636
    ],
    "fscore": [
      0.30341119526434995,
      0.35817318332622045,
      0.36717121379987583,
      0.358681580253794,
      0.3387970885063874,
      0.33087183030611894,
      0.3190122289384944,
      0.3102304973778975,
      0.30029917868858236,
      0.2892336066285897
    ],
    "ndcg": [
      0.6488888888888888,
      0.5697989816320493,
      0.5237004070616211,
      0.4957326701988284,
      0.47114764901913725,
      0.4645696152091293,
      0.4592311012828457,
      0.4604071288494314,
      0.4622432503377594,
      0.46356679201681666
    ],
    "map": 0.369061437684307,
    "mrr": 0.7395856919634628,
    "zero_results": 0,
    "time": 0.7370820045471191
  },
  "bm25": {
    "precision": [
      0.7288888888888889,
      0.6177777777777778,
      0.5392592592592592,
      0.47,
      0.42933333333333334,
      0.3859259259259259,
      0.35238095238095235,
      0.32666666666666666,
      0.3046913580246914,
      0.28933333333333333
    ],
    "recall": [
      0.12259655739007719,
      0.2063590005513033,
      0.25800947982397043,
      0.2931892864496188,
      0.32896902087641205,
      0.35022504834090185,
      0.36955585723311424,
      0.38761939862998895,
      0.40196673525650073,
      0.41677237661386624
    ],
    "fscore": [
      0.3391954506309852,
      0.40723526908386865,
      0.41020834085682134,
      0.39140500468972467,
      0.37999345728196887,
      0.35653907119098693,
      0.3371308288058419,
      0.3210802810696455,
      0.30565101753898166,
      0.2950200254707872
    ],
    "ndcg": [
      0.7288888888888889,
      0.642921598392324,
      0.5844763614648208,
      0.5451380773821077,
      0.5267549283452491,
      0.5091615064945205,
      0.498561562895204,
      0.49410759127087284,
      0.4916249237807503,
      0.49259586108190057
    ],
    "map": 0.40123762378276645,
    "mrr": 0.7985933957247076,
    "zero_results": 0,
    "time": 1.3743228912353516,
    "p_vs_vsm": 4.070629847929127e-08
  },
  "lsa": {
    "precision": [
      0.6088888888888889,
      0.5422222222222223,
      0.4711111111111111,
      0.41555555555555557,
      0.3804444444444445,
      0.3459259259259259,
      0.3225396825396825,
      0.29944444444444446,
      0.2804938271604938,
      0.264
    ],
    "recall": [
      0.09933713779732427,
      0.17589119675016618,
      0.2257168077175728,
      0.2559498136493617,
      0.2859751216871782,
      0.30870549036400785,
      0.33039628360652523,
      0.3457369530085982,
      0.3620679530676684,
      0.37764473489150907
    ],
    "fscore": [
      0.27824237998493206,
      0.3526102650938761,
      0.3585901885002021,
      0.3439975834018895,
      0.33436621751590706,
      0.31812201713229366,
      0.30663545970589573,
      0.2924075398265737,
      0.28018372273419234,
      0.26870582683501215
    ],
    "ndcg": [
      0.6088888888888889,
      0.55730851459095,
      0.5060339515457954,
      0.47571605568353265,
      0.45942949104401143,
      0.4458538719548683,
      0.4405178137880017,
      0.4363607455096434,
      0.43517595438217893,
      0.4356842087051322
    ],
    "map": 0.3455923803259444,
    "mrr": 0.7130084422273775,
    "zero_results": 0,
    "time": 1.921010971069336,
    "best_k": 300,
    "p_vs_vsm": 0.0007410496104704561,
    "k_sweep": {
      "50": 0.28830773836769913,
      "100": 0.31112794434726126,
      "200": 0.3384798501292661,
      "300": 0.3455923803259444
    }
  },
  "qe": {
    "precision": [
      0.6088888888888889,
      0.5377777777777778,
      0.4711111111111111,
      0.41555555555555557,
      0.3706666666666667,
      0.3333333333333333,
      0.3053968253968254,
      0.28944444444444445,
      0.27358024691358024,
      0.25955555555555554
    ],
    "recall": [
      0.10086169140753319,
      0.1790767696977405,
      0.22744614469456648,
      0.26068331759314284,
      0.2860558273407816,
      0.3036747966068097,
      0.32186484984858704,
      0.3440873046031581,
      0.36596679729637627,
      0.3812083841896874
    ],
    "fscore": [
      0.28291767643749777,
      0.35472414539284186,
      0.3609118995050172,
      0.3477824233980225,
      0.329428606532606,
      0.30927543179442313,
      0.29275242275775176,
      0.28464353378897517,
      0.2752225517675698,
      0.2657078936509539
    ],
    "ndcg": [
      0.6088888888888889,
      0.5538698229710874,
      0.5052518063618711,
      0.4747508154003183,
      0.45236209819224943,
      0.4371885871882126,
      0.4292210903944462,
      0.4305761020904514,
      0.43277079773783,
      0.43442977443514696
    ],
    "map": 0.3417763424954267,
    "mrr": 0.7135582099831732,
    "zero_results": 0,
    "time": 5.724712610244751,
    "p_vs_vsm": 1.7762612528629603e-14
  }
}